{
	"id": "automated-polymorpher",
	"title": "[BETA] Automated Polymorpher Manager",
	"description": "[BETA] A user interface to manage polymorpher with summoning animations and automated summoning for spells",
	"version": "1.1.14",
	"authors": [
		{
			"name": "p4535992",
			"url": "https://github.com/p4535992",
			"discord": "",
			"twitter": "",
			"patreon": "p4535992",
			"github": "p4535992",
			"ko-fi": "",
			"reddit": "",
			"email": ""
		}
	],
	"type": "module",
	"socket": true,
	"includes": [
		"./assets/**",
		"./lang/**",
		"./languages/**",
		"./scripts/**",
		"./styles/**",
		"./templates/**",
		"./module.json",
		"./README.md",
		"./icons/**",
		"./packs/**"
	],
	"media": [
		{
			"type": "icon",
			"location": ""
		},
		{
			"type": "cover",
			"location": ""
		},
		{
			"type": "screenshot",
			"location": ""
		}
	],
	"languages": [
		{
			"lang": "en",
			"name": "English",
			"path": "languages/en.json"
		},
		{
			"lang": "de",
			"name": "Deutsch (German)",
			"path": "languages/de.json"
		},
		{
			"lang": "ja",
			"name": "日本語",
			"path": "languages/ja.json"
		}
	],
	"packs": [],
	"scripts": [],
	"esmodules": ["automated-polymorpher.js"],
	"styles": ["styles/polymorphermanager.css"],
	"compatibility": {
		"minimum": 10,
		"verified": 11,
		"maximum": 11
	},
	"manifestPlusVersion": "1.2.1",
	"url": "https://github.com/p4535992/foundryvtt-automated-polymorpher",
	"manifest": "https://github.com/p4535992/foundryvtt-automated-polymorpher/releases/latest/download/module.json",
	"download": "https://github.com/p4535992/foundryvtt-automated-polymorpher/releases/latest/download/module.zip",
	"readme": "https://github.com/p4535992/foundryvtt-automated-polymorpher/blob/v1.1.14/README.md",
	"changelog": "https://github.com/p4535992/foundryvtt-automated-polymorpher/blob/v1.1.14/changelog.md",
	"bugs": "https://github.com/p4535992/foundryvtt-automated-polymorpher/issues",
	"allowBugReporter": true,
	"relationships": {
		"systems": [],
		"requires": [
			{
				"id": "lib-wrapper",
				"type": "module",
				"manifest": "https://github.com/ruipin/fvtt-lib-wrapper/releases/latest/download/module.json",
				"compatibility": {}
			},
			{
				"id": "socketlib",
				"type": "module",
				"manifest": "https://raw.githubusercontent.com/manuelVo/foundryvtt-socketlib/develop/module.json",
				"compatibility": {}
			},
			{
				"id": "sequencer",
				"type": "module",
				"compatibility": {}
			},
			{
				"id": "warpgate",
				"type": "module",
				"manifest": "https://github.com/trioderegion/warpgate/releases/latest/download/module.json",
				"compatibility": {}
			}
		],
		"conflicts": []
	}
}
